,book_title,author,num_ratings,average_rating
0,Los Cuadernos del Destierro,Rafael Cardenas,32,4.84
1,Hunt for the Star,Dane Richter,53,4.83
2,CEO-Stories: Children Employed by Owners,Michael Eastwood,81,4.83
3,Shadow Team GB,J.M. Johnson,99,4.76
4,Shadow Team GB,J.M. Johnson,99,4.76
5,The Years Distilled: Verses,Dennis Sharpe,32,4.75
6,The Secret of Leifeng Pagoda,Ruby Gupta,88,4.74
7,Avaland,Amy Croucher Rose,31,4.71
8,Sunstruck,Melissa Bellis,53,4.68
9,Dreamers in Hell,Janet E. Morris,91,4.67
10,Un Aquilone di Farfalle: Romanzo,Giulietta Esthel,85,4.67
11,Roots of To-Be Templars,Widad Akreyi,48,4.67
12,The Peace of the Spirit Within: A Guide to Transform Your Life,Belzebuub,85,4.65
13,Happy Halloween,Othen Donald Dale Cummings,55,4.64
14,Homesick: New and Selected Stories,Lucia Berlin,67,4.63
15,A Butler Christmas,Rahiem Brooks,41,4.63
16,Finley’s Way,Julie Mannino,40,4.63
17,Knowing Jack,Julie Elizabeth Powell,47,4.62
18,Redstone,C.E.  Johnson,87,4.62
19,Fated to Love You,Kayla  Cunningham,53,4.62
20,Fated to Love You,Kayla  Cunningham,53,4.62
21,Chloe's Purpose,Julie Mannino,31,4.61
22,დიდოსტატის კონსტანტინეს მარჯვენა; დიონისოს ღიმილი,Konstantine Gamsakhurdia,58,4.6
23,Transfigurations: Collected Poems,Jay Wright,48,4.58
24,Puritan's Empire: A Catholic Perspective on American History,Charles A. Coulombe,83,4.58
25,Τα ποιήματα Β΄,Νίκος Καρούζος,37,4.57
26,Tilt,Ashley Chappell,55,4.56
27,Churning Waters,Meredith T. Taylor,64,4.56
28,Adapt and Plan for the New Abnormal of the COVID-19 Coronavirus Pandemic: Adapt and Plan for the New Abnormal of the COVID-19 Coronavirus Pandemic,Gleb Tsipursky,98,4.56
29,The DD Group: An Online Investigation Into the Death of Marilyn Monroe,David  Marshall,38,4.55
30,Baleful Beasts and Eerie Creatures,Andre Norton,67,4.55
31,Demented: A Short Horror Story Collection,Anna Gallegos,74,4.55
32,Scars and Voices: And Other Stories,Adam Carpenter Welles,94,4.55
33,Gazing Into the Eternal,Belzebuub,70,4.54
34,Осколки неба или подлинная история The Beatles,Юлий Буркин,54,4.54
35,Η καμένη βάτος,Manès Sperber,41,4.54
36,The Steps: 12 Secrets To Raising Happy and Successful Kids,Andrew    Watson,82,4.54
37,Pathogenesis,Peggy Munson,32,4.53
38,Sophia's Journal,Najiyah Maxfield,77,4.53
39,"The Naomi Poems, Book One: Corpse and Beans",Bill Knott,92,4.52
40,Behind the State Capitol or Cincinnati Pike,John Wieners,31,4.52
41,Angel Devil,Julie Mannino,62,4.52
42,Padre Pio's Words of Hope,Eileen Dunn Bertanzetti,67,4.51
43,Forward to Camelot,Susan Sloate,35,4.51
44,Jesus Our Eucharistic Love,Stefano M. Manelli,85,4.51
45,The Oracle's Journal,Dimitri Liountris,35,4.51
46,Leon the Lion,Julie Mannino,37,4.51
47,The Complete Tales from the Crypt,William M. Gaines,64,4.5
48,The Sitting Swing: Finding Wisdom to Know the Difference,Irene Watson,32,4.5
49,Twisted,Anna Gallegos,52,4.5
50,Leading Hybrid and Remote Teams: A Manual on Benchmarking to Best Practices for Competitive Advantage,Gleb Tsipursky,50,4.5
51,Oneiromance,Kathleen Rooney,68,4.49
52,The Plea of Apollisian,Shane Moore Katie Chatfield,47,4.49
53,The Oxford History of Western Music: 6-Volume Set,Richard Taruskin,80,4.48
54,The Toonies Invade Silicon Valley,Betty Dravis,64,4.48
55,Arctic Fox: Life at the Top of the World,Garry Hamilton,33,4.48
56,"Forever, Christian",Tina Traverse,67,4.48
57,Savage Wrongs,Cassie Edwards,79,4.47
58,Just Around The Bend: Más o Menos,Renée Paule,62,4.47
59,"Licit and Illicit Drugs; The Consumers Union Report on Narcotics, Stimulants, Depressants, Inhalants, Hallucinogens and Marijuana-Including Caffeine, Nicotine and Alcohol",Edward M. Brecher,41,4.46
60,Home: A Hidden Tale - Sinister Tales,Anna Gallegos,31,4.45
61,The Ringing Ear: Black Poets Lean South,Nikky Finney,45,4.42
62,Savage Lies,Cassie Edwards,86,4.42
63,The Tragedy of the Chinese Revolution,Harold R. Isaacs,53,4.42
64,Dragons Don't Dance Ballet,Jennifer Carson,79,4.42
65,18 Platoon,JARY,78,4.41
66,Exposition of the Divine Principle,Sun Myung Moon,82,4.41
67,A Visual Guide to Gospel Events: Fascinating Insights into Where They Happened and Why,James C. Martin,49,4.41
68,"The Knight, Death and the Devil",Ella Leffland,73,4.4
69,The Door in the Sky,Sandy Klein Bernstein,63,4.4
70,Fruzzle's Mystery Talent: A Bed Time Fantasy Story for Children ages 3-10,Karen (Kara) Brueggeman,70,4.4
71,The Selected Poems of Rosario Castellanos (Palbra Sur Book),Rosario Castellanos,69,4.39
72,The Sound of Suffering,Darin C.  Brown,99,4.39
73,"His Toy, His Dream, His Rest",John Berryman,69,4.38
74,The Star Realm,Julie Elizabeth Powell,42,4.38
75,The Simon and Kirby Library: Horror,Joe Simon,58,4.38
76,Song Bird: Matters of the Heart,Christine M. Knight,45,4.38
77,Dakota Son,Mary Ramsey,93,4.38
78,Loki's Price,Julie Mannino,64,4.38
79,The United Methodist Hymnal,United Methodist Church,94,4.37
80,Waiting to Live,Asa Don Brown,63,4.37
81,Southern Mystical Moments,Patricia H. Graham,91,4.37
82,Clearly's Corruption,Taylor Ann Bunker,43,4.37
83,Book One: Sporadic Memories,Ali Marsman,70,4.36
84,Conjunction,A.D. Zoltan,70,4.36
85,"The revolution and the civil war in Spain,",Pierre Broué,83,4.35
86,How to Avoid Huge Ships,John W. Trimmer,68,4.35
87,A Cowgirl Remembers When...,Dawn Nelson,31,4.35
88,Valhalla,Scott McElhaney,31,4.35
89,Lady with a Spear,Eugenie Clark,95,4.34
90,Travelling in the Family: Selected Poems,Carlos Drummond de Andrade,41,4.34
91,Ben Israel: The Spiritual Odyssey of a Modern Man,Arthur Katz,62,4.34
92,"Titans, Humans, And The Beasts",Cristina M. Sburlea,41,4.34
93,Anthology of Australian Aboriginal Literature,Anita Heiss,49,4.33
94,Piecas dienas,Anšlavs Eglītis,54,4.33
95,The Piper,Julie Mannino,45,4.33
96,Yes We Can: Barack Obama's History-Making Presidential Campaign,Scout Tufankjian,82,4.32
97,Joseph,F.B. Meyer,53,4.32
98,Creeping Death from Neptune: Horror and Science Fiction Comics,Basil Wolverton,75,4.32
99,Letters From Your Soul,Victor Noble,63,4.32
100,Gray Hawk of Terrapin,Moss Whelan,47,4.32
101,Tippy the Knight,Julie Mannino,50,4.32
102,"The Trial / America / The Castle / Metamorphosis / In the Penal Settlement / The Great Wall of China / Investigations of a Dog / Letter to His Father / The Diaries, 1910–23: Complete & Unabridged",Franz Kafka,59,4.31
103,The Bullet Collection,Patricia Sarrafian Ward,45,4.31
104,Dogs in Lingerie,Danielle Willis,54,4.31
105,The Guaymas Chronicles: La Mandadera,David E. Stuart,62,4.31
106,Anne Frank House: A Museum With a Story,Janrense Boonstra Marie-Jose Rjinders,39,4.31
107,"Slide, a Modern Satire on the Excess of Greed",Saira Viola,49,4.31
108,Don Camillo della Bassa: Gente così - Lo spumarino pallido,Giovannino Guareschi,83,4.31
109,"Blackamoores: Africans in Tudor England, Their Presence, Status and Origins",Onyeka,99,4.31
110,The Singularity is Coming: The Artificial Intelligence Explosion,Tony  Thorne,62,4.31
111,Secret Deceptions,James Sillwood,54,4.31
112,The Collected Macabre Stories,L.P. Hartley,37,4.3
113,Nachtmahr: Strange Tales,Hanns Heinz Ewers,83,4.3
114,Shakespeare: An Oxford Guide,Stanley Wells,38,4.29
115,In Light of Shadows: More Gothic Tales by Izumi Kyoka,Kyōka Izumi,97,4.29
116,The Art and Science of Learning Languages,Amorey Gethin,34,4.29
117,"Deadly Pretty Strangers: One dead body, one bereaved mother, one small favour ...",Max Thorn,38,4.29
118,A Newborn Business: Esports,Zoltan Andrejkovics,70,4.29
119,Omens,Richard Gavin,69,4.28
120,When I Go to Sleep,Belzebuub,74,4.28
121,Evolution of Insanity,Haresh Daswani,76,4.28
122,Arana's Visitor,Julie Rollins,91,4.27
123,The Case of the Cosmological Killer: The Rendlesham Incident,Stephanie Osborn,49,4.27
124,"A Biography of The Prophet of Islam , In the Light of the Original Sources An Analytical Study",Mahdi Rizqullah Ahmad,31,4.26
125,The Scent of Cinnamon,Charles Lambert,47,4.26
126,Lucky Go Happy: Make Happiness Happen!,Paul Van Der Merwe,88,4.26
127,The Nature of the Chemical Bond and the Structure of Molecules and Crystals; An Introduction to Modern Structural Chemistry.,Linus Pauling,57,4.25
128,The Last Pharaoh: Mubarak and the Uncertain Future of Egypt in the Volatile Mid East,Aladdin Elaasar,48,4.25
129,Blessed Are You: Mother Teresa and the Beatitudes,Eileen Egan,32,4.25
130,The Case of the Displaced Detective: At Speed,Stephanie Osborn,72,4.25
131,Messages From Heaven,Collette Sinclaire,75,4.25
132,Verdammt. Verliebt.,Simona Dobrescu,91,4.24
133,A New World: An Epic of Colonial America,Arthur Quinn,80,4.23
134,REAL: THE LETTERS OF MINA HARKER AND SAM D'ALLESANDRO,Dodie Bellamy,46,4.22
135,An Ordinary Woman's Extraordinary Faith,Patricia St. John,60,4.22
136,Where You Came From,Sara O'Leary,97,4.22
137,Systematic Theology Vol 1: Ethics,James William McClendon Jr.,87,4.21
138,In the Shadow of the Magic Mountain: The Erika and Klaus Mann Story,Andrea Weiss,85,4.21
139,Moses: The Servant of God,F.B. Meyer,75,4.21
140,Let My People Go: 15 текстів про українську революцію.,Oksana Zabuzhko,63,4.21
141,The Rainbow Bridge: Bridge to Inner Peace and to World Peace,Brent N. Hunter,66,4.21
142,The Gateway,Scott McElhaney,33,4.21
143,What We Think We Become,Durgesh Satpathy,39,4.21
144,Feminism and War: Confronting U.S. Imperialism,Robin L. Riley,74,4.2
145,"White Logic, White Methods: Racism and Methodology",Tukufu Zuberi,88,4.2
146,Cynric Ella,Julie Mannino,61,4.2
147,Henry James: A Life in Letters,Henry James,42,4.19
148,The Future's So Bright I Can't Bear to Look,Tom Tomorrow,64,4.19
149,From the Bottom of the Heap: The Autobiography of Black Panther Robert Hillary King,Robert Hillary King,53,4.19
150,The Dionysus Connection,Liz  Cowan,75,4.19
151,Life Song,Christine M. Knight,94,4.19
152,Exordium of Tears,Andrew P. Weston,62,4.19
153,Prince of Pain III,Julie Mannino,93,4.19
154,The Hunted,Julie Mannino,38,4.18
155,GOOD BURGER 2 GO: NICKELODEON,Steve Holland,69,4.17
156,The Mind of the Master Class: History and Faith in the Southern Slaveholders' Worldview,Elizabeth Fox-Genovese,54,4.17
157,Letters to a Devastated Christian,Gene Edwards,94,4.17
158,On Russian Music,Richard Taruskin,35,4.17
159,Immortal,Valjeanne Jeffers,86,4.17
160,The Truth-Seeker’s Handbook: A Science-Based Guide,Gleb Tsipursky,78,4.17
161,Christmas in Heaven,Sylvia Browne,68,4.16
162,A Murmur in the Trees,Emily Dickinson,64,4.16
163,Blood Thirst,L.A. Freed,74,4.16
164,The Real Book of the Dead,Collette Sinclaire,74,4.16
165,Amatore's Restaurant,James Sillwood,98,4.16
166,Kepler Moon Alpha,Scott McElhaney,57,4.16
167,A Touch of Savagery,Julie Mannino,57,4.16
168,Frege: Philosophy of Language,Michael Dummett,80,4.15
169,Life Themes: Spiritual Evolvement,Sylvia Brown,52,4.15
170,Nina Schenk Gräfin von Stauffenberg: Ein Porträt,Konstanze von Schulthess,61,4.15
171,Why Not-World,Alexei Maxim Russell,61,4.15
172,Ailene,Annabel den Dekker,78,4.15
173,Ghouls in My Grave,Jean Ray,74,4.14
174,Skull Full of Kisses,Michael  West,73,4.14
175,The Beginning,Kevin J.  Howard,70,4.14
176,Valentine,Julie Mannino,94,4.14
177,Mus of Kerbridge,Paul Kidd,78,4.13
178,Black Hole,Scott McElhaney,39,4.13
179,The Outcasts - A Thousand Dreams of Redemption,Lidija Stankovikj,32,4.13
180,Flor de obsessão: As 1000 melhores frases de Nelson Rodrigues,Nelson Rodrigues,41,4.12
181,Selected Writings,Aleksandra Kollontai,69,4.12
182,Temporary People,Steven Gillis,33,4.12
183,Bob Powell's Terror,Bob Powell,76,4.12
184,"Wildmen, Wobblies & Whistle Punks: Stewart Holbrook's Lowbrow Northwest",Stewart Hall Holbrook,90,4.11
185,Before We Are Born: Essentials of Embryology and Birth Defects,Keith L. Moore,76,4.11
186,The Original Dr. Shade and Other Stories,Kim Newman,56,4.11
187,Hellboy and the B.P.R.D.: 1952 #1,John Arcudi,37,4.11
188,The Different Kinds Of Monsters: A Psychological and Supernatural Horror Novel,Seth Chambers,72,4.11
189,From Maid to Duchess,Regina James,76,4.11
190,View Points and Points of View: A 'Phoetry Book' from Cornwall,Clive Blake,42,4.1
191,The Stalin School of Falsification,Leon Trotsky,51,4.1
192,Togainu no Chi Volume 5,Suguro Chayamachi,68,4.1
193,Project Terror,Jamal Lewis,31,4.1
194,Wonders of the West,Kate Braverman,44,4.09
195,Madita und Lisabet aus Birkenlund. Sonderausgabe. (Ab 6 J.).,Astrid Lindgren,44,4.09
196,The Mystery of Revenge,G.X. Chen,82,4.09
197,Asylum: A Hidden Tale - Sinister Tales,Anna Gallegos,35,4.09
198,All of the Rogers,Erin Lockwood,74,4.09
199,Feel Me,James  Hudson,33,4.09
200,Bloody Sunday: Massacre in Northern Ireland : The Eyewitness Accounts,John Scally,38,4.08
201,東京ラブストーリー,Fumi Saimon,57,4.07
202,The Time of Light,Gunnar Kopperud,57,4.07
203,Boca de Luar,Carlos Drummond de Andrade,70,4.07
204,"Dorothy Of Oz, Volume 2",Son Hee-Joon,88,4.07
205,Tales Of The Grotesque: A Collection Of Uneasy Tales,L.A.   Lewis,60,4.07
206,How Not to Murder Your Grumpy,Carol Wyer,99,4.07
207,Soul Clap Hands and Sing,Paule Marshall,50,4.06
208,The Beyond,Jean Sutton,33,4.06
209,Dreamhouse,Douglas Borton,34,4.06
210,Voices From Punktown,Jeffrey Thomas,68,4.06
211,Undying,Bernadette Azizi,50,4.06
212,Inside the Bubble,Noga Niv,88,4.06
213,I Am Waltz,Matthew D. Dho,53,4.06
214,A Touch of Innocence,Julie Mannino,67,4.06
215,In Defense of Socialism: Four Speeches on the 30th Anniversary of the Cuban Revolution,Fidel Castro,39,4.05
216,Conversations with Kazuo Ishiguro,Brian W. Shaffer,80,4.05
217,Great Tales of Terror from Europe and America: Gothic Stories of Horror and Romance 1765-1840,Peter Haining,44,4.05
218,Orope - The White Snake,Guenevere Lee,82,4.05
219,Prince of Pain IV,Julie Mannino,85,4.05
220,Corduroy's Toys,Don Freeman,55,4.04
221,"The Chilling Archives of Horror Comics, Vol. 3: Zombies",Jack Cole,77,4.04
222,Prince of Pain II,Julie Mannino,98,4.04
223,Breakaway: A Gail McCarthy Mystery,Laura Crum,80,4.03
224,Happy as a Tapir,Terry Carbone,33,4.03
225,Against Pain,Ron Regé Jr.,63,4.03
226,Miley Mania! Behind the Scenes with Miley Cyrus,Jackie Robb,59,4.03
227,Lemur,Tom     Bradley,37,4.03
228,"The Bleeding Horse, and Other Ghost Stories",Brian J. Showers,60,4.03
229,Adrift on the Haunted Seas: The Best Short Stories,William Hope Hodgson,89,4.02
230,The Night World and the Word Night,Franz Wright,49,4.02
231,Conquering Horse,Frederick Manfred,96,4.02
232,Politics and Markets : The World's Political-Economic Systems,Charles E. Lindblom,49,4.02
233,"Past, Present, and Promises",Patricia H. Graham,41,4.02
234,Tales of the Astonishing Black Spark,Charlie J. Eskew,97,4.02
235,Still Life,Joe Donnelly,83,4.01
236,Fengriffen: A Chilling Tale,David   Case,86,4.01
237,The Floating Bridge: Prose Poems,David  Shumate,69,4.01
238,História de dois amores,Carlos Drummond de Andrade,68,4.01
239,I am Cyrus: The Story of the Real Prince of Persia,Alexander Jovy,97,4.01
240,The Trouble with Playing Cupid,Tamara Philip,82,4.01
241,The Chronicles of the Virago--The Novus: Book I,Michael Bialys,65,4.0
242,Drowning Lessons: Stories,Peter Selgin,58,4.0
243,Vampires Today: The Truth about Modern Vampirism,Joseph Laycock,44,4.0
244,Catapult Soul,Brian Celio,47,4.0
245,The Forgotten Man,William Graham Sumner,39,4.0
246,حول التأصيل الإسلامى للعلوم الاجتماعية,محمد قطب,75,4.0
247,Heatwave and Crazy Birds,Gabriela Avigur-Rotem,48,4.0
248,"Hard Up, Ardon #1",J.G. Perrin,50,4.0
249,The Coherence of Theism,Richard Swinburne,89,3.99
250,Part of Our Time: Some Ruins & Monuments of the Thirties,Murray Kempton,83,3.99
251,"Shaman Warrior, Vol. 6",Park Joong-Ki,73,3.99
252,ചങ്ങമ്പുഴ കൃഷ്ണപിള്ള: നക്ഷത്രങ്ങളുടെ സ്‌നേഹഭാജനം | Changampuzha Krishnapilla: Nakshathrangalude Snehabhajanam,M.K. Sanu,89,3.99
253,I Dream of Yellow Kites: What if it was all just a nightmare?,Retta Bono,76,3.99
254,O Avesso Das Coisas,Carlos Drummond de Andrade,64,3.98
255,Blue Horse Dreaming,Melanie Wallace,99,3.98
256,Echo of a Curse,R.R. Ryan,41,3.98
257,If Shadows Could Tell: an Aurora Steller mystery novel,Granthana Sinha,94,3.98
258,The Captive,Robert Stallman,61,3.97
259,Amaranth,John  Kellett,59,3.97
260,Le Hussard sur le toit de Jean Giono (Lire aujourd'hui),Francis Lafon,84,3.96
261,The Eyes of the Beast,Steve    Harris,95,3.96
262,Pieces of a Rainbow,Maria Savva,47,3.96
263,Lesson II,Julie Mannino,54,3.96
264,Escher's Loops,Zoran Živković,74,3.95
265,Tom Sutton's Creepy Things,Tom Sutton,42,3.95
266,Tim & Tom: An American Comedy in Black and White,Tim  Reid,71,3.94
267,A Whisper of Wings,Paul Kidd,57,3.93
268,A Firefighter in the Family,Trish Milburn,80,3.93
269,And the Tide Turns,Timothy  Dalton,54,3.93
270,Discontents: New Queer Writers,Dennis Cooper,37,3.92
271,Late at Night,William Schoell,72,3.92
272,Sex-Pol: Essays 1929-1934,Wilhelm Reich,56,3.91
273,Broken Point,Donna K. Childree,80,3.91
274,Forty Fathom Bank,Les Galloway,41,3.9
275,The Pocket Guide to Mischief,Bart King,99,3.9
276,The Hunt in the Forest,John Burnside,59,3.9
277,Liliana,Neva Squires-Rodriguez,83,3.9
278,Colonization,Scott McElhaney,62,3.9
279,Six Gothic Dramas (De Monfort / Orra / The Dream / The Family Legend / The Panthom / Whitchcraft,Various,37,3.89
280,The Widow of Ratchets,Owen Brookes,36,3.89
281,Moment,Lisa Terry,36,3.89
282,Melville: A Biography,Laurie Robertson-Lorant,42,3.88
283,The Alliance,Chris G. Wright,57,3.88
284,Making Contact With the Other Side: How to Enhance Your Own Psychic Powers,Sylvia Browne,31,3.87
285,My Life,Oswald Mosley,89,3.87
286,King of Spades,Frederick Manfred,42,3.86
287,Riders of Judgment,Frederick Manfred,42,3.86
288,Heathcliff At Home,George Gately,36,3.86
289,Evil in a Mask,Dennis Wheatley,73,3.86
290,Starved for Science: How Biotechnology Is Being Kept Out of Africa,Robert Paarlberg,86,3.86
291,Santa's Angels,Janet Kaderli,88,3.86
292,9/11 Contradictions: An Open Letter to Congress and the Press,David Ray Griffin,61,3.85
293,"Continuous Cables: An Exploration of Knitted Cabled Knots, Rings, Swirls, and Curlicues",Melissa Leapman,94,3.85
294,21 Distinctions of Wealth: Attract the Abundance You Deserve,Peggy McColl,53,3.85
295,Must a Jew Believe Anything?,Menachem Marc Kellner,49,3.84
296,Individuals: An Essay in Descriptive Metaphysics,Peter Frederick Strawson,73,3.84
297,Sense of Place and Sense of Planet: The Environmental Imagination of the Global,Ursula K. Heise,69,3.84
298,The Dead Writer,Núria Añó,55,3.84
299,"Protecting America's Health: The FDA, Business, and One Hundred Years of Regulation",Philip J. Hilts,84,3.83
300,A Choice of Kipling's Verse,T.S. Eliot,58,3.83
301,The Gold Warrior,Clare London,66,3.83
302,كيف نكتب التاريخ الإسلامي,محمد قطب,94,3.83
303,Exiles: A Memoir,Michael J. Arlen,88,3.83
304,"Edges: O Israel, O Palestine",Leora Skolkin-Smith,73,3.82
305,Scooby-doo On Zombie Island,Gail  Herman,84,3.82
306,Frontal Assault,Keith Douglass,57,3.82
307,Elementary Differential Equations with Boundary Value Problems,Charles Henry Edwards,51,3.82
308,Kecksies and Other Twilight Tales,Marjorie Bowen,57,3.82
309,"Who Would Jesus Kill?: War, Peace, and the Christian Tradition",Mark J. Allman,44,3.82
310,"Hillbilly Tales from the Smoky Mountains - And Other Homespun Remedies, Proverbs, and Poetry",Patricia H. Graham,56,3.82
311,The Koalemos Initiative,P.H. Wilson,45,3.82
312,The Kitten and His Prince,Julie Mannino,78,3.81
313,Representation and Reality,Hilary Putnam,97,3.8
314,The Best Ghost Stories of H. Russell Wakefield,H. Russell Wakefield,59,3.8
315,Herodotus 7-9,Herodotus,99,3.8
316,Le Cycle d'Elric,Michael Moorcock,47,3.79
317,A Time to Tell,Maria Savva,67,3.79
318,The Revenants,Geoffrey Farrington,88,3.78
319,Between Earth and Sky: Our Intimate Connections to Trees,Nalini Moreshwar Nadkarni,87,3.78
320,Confidential Communications,J.R. Reardon,84,3.77
321,Honey Paw and Lightfoot,Jonathan London,51,3.76
322,A Thousand Veils,D.J. Murphy,76,3.76
323,Sin is not a Four Letter Word,Aliyah Burke,84,3.76
324,Easter Bunny,Roger Priddy,76,3.76
325,Edward Or Jacob? Quick Quizzes For Fans Of The Twilight Saga,Riley Brooks,49,3.76
326,The Millennial Reincarnations,Daniel M.  Harrison,41,3.76
327,Unapologetic Theology: A Christian Voice in a Pluralistic Conversation,William C. Placher,56,3.75
328,MILEY CYRUS: This Is Her Life,Brittany Kent,56,3.75
329,"What the Koran Really Says: Language, Text, and Commentary",Ibn Warraq,76,3.74
330,Evening Clouds,Junzo Shono,53,3.74
331,Heartbreak House & Misalliance,George Bernard Shaw,31,3.74
332,High Wire: The Precarious Financial Lives of American Families,Peter Gosselin,42,3.74
333,Just Perfect,Hanne Arts,69,3.74
334,Lesson,Julie Mannino,62,3.74
335,"Becoming Drusilla: One Life, Two Friends, Three Genders",Richard Beard,74,3.73
336,First Contact,James   Jackson,74,3.73
337,Phaedra: A Novel of Ancient Athens,June Rachuy Brindel,39,3.72
338,Kangaroo,Yuz Aleshkovsky,82,3.72
339,Turning Idolater,Edward C. Patterson,76,3.72
340,User,Bruce Benderson,93,3.71
341,The Supernatural Omnibus- Being A Collection of Stories,Montague Summers,73,3.71
342,"And Afterward, the Dark: Seven Tales",Basil Copper,56,3.71
343,"Love, Otto: The Legacy of Anne Frank",Cara Wilson,38,3.71
344,Captivity,Debbie Lee Wesselmann,73,3.7
345,The Black Reaper,Bernard Capes,47,3.7
346,The Celtic Book of Days: A Daily Guide to Celtic Spirituality and Wisdom,Caitlín Matthews,84,3.68
347,The Key to Nicholas Street,Stanley Ellin,47,3.68
348,The Midnight Bell,Francis Lathom,96,3.68
349,A Spy at Home,Joseph Rinaldo,38,3.68
350,One Dog Happy,Molly McNett,54,3.67
351,Skurðir í rigningu,Jón Kalman Stefánsson,82,3.67
352,"Going Gray, Looking Great!: The Modern Woman's Guide to Unfading Glory",Diana Lewis Jewell,58,3.66
353,Where There's Smoke,M.J. Fredrick,80,3.66
354,Growing Citrus: The Essential Gardener's Guide,Martin  Page,35,3.66
355,Zdarzenia na brygu Banbury,Witold Gombrowicz,38,3.66
356,Mummies!: Classic Monsters of Pre-Code Horror Comics,Steve Banes,56,3.66
357,The Algonquin Wits,Robert E. Drennan,88,3.64
358,The Shadow Of Ashlydyat,Mrs. Henry Wood,41,3.63
359,Oasis,Brian Hodge,68,3.63
360,Where's My Hug?,James Mayhew,78,3.63
361,A Tale of the Other Kind,Leandi Cameron,81,3.63
362,At Chrighton Abbey and Other Horror Stories,Mary Elizabeth Braddon,50,3.62
363,L. Ron Hubbard Presents Writers of the Future 2,Algis Budrys,39,3.62
364,Miracle Myx,Dave Diotalevi,68,3.62
365,As The Crow Flies,Véronique Tadjo,98,3.61
366,365 Things Every Tea Lover Should Know,Harvest House Publishers,51,3.61
367,The Band of Gypsies,Enrico Antiporda,41,3.61
368,How to Avoid Huge Ships: And Other Implausibly Titled Books,Joel Rickett,61,3.61
369,The Sex Diaries: Why Women Go Off Sex and Other Bedroom Battles,Bettina Arndt,90,3.61
370,512 Ants on Sullivan Street,Carol A. Losi,43,3.6
371,The Genetic Lottery,Allison Goh,50,3.6
372,Secret Passages,Paul Preuss,39,3.59
373,"Manfrone; Or, the One-Handed Monk",Mary Anne Radcliffe,49,3.59
374,The Virtuoso,Sonia Orchard,51,3.59
375,Nightmare Encyclopedia: Your Darkest Dreams Interpreted,Kirsten Dalley,55,3.58
376,Autres Temps... 1916,Edith Wharton,66,3.56
377,Mine,Julie Mannino,79,3.56
378,Margaret and I,Kate Wilhelm,78,3.55
379,Snow Day!: A Winter Tale (Ready-to-Read Pre-Level 1),Joan Holub,52,3.54
380,Your Secrets Sleep With Me,Darren O'Donnell,32,3.53
381,The Horrors of Oakendale Abbey,Mrs. Carver,62,3.53
382,The Twelve Dancing Princesses: A Folk Tale from the Brothers Grimm,Freya Littledale,57,3.53
383,Everybody Knows This Is Nowhere,John McFetridge,64,3.52
384,Blood Sport,Judith E. French,64,3.52
385,The Cock and Anchor: Being a Chronicle of Old Dublin City,J. Sheridan Le Fanu,44,3.52
386,The Diary of Emily Dickinson,Jamie Fuller,93,3.51
387,"A Sunny Morning, A Comedy of Madrid",Serafín Álvarez Quintero,72,3.5
388,The Scandal Plan: Or: How to Win the Presidency by Cheating on Your Wife,Bill Folman,76,3.49
389,Artists in Exile: How Refugees from Twentieth-Century War and Revolution Transformed the American Performing Arts,Joseph Horowitz,54,3.48
390,Crossing Hitler: The Man Who Put the Nazis on the Witness Stand,Benjamin Carter Hett,95,3.48
391,"Sarah Anne Hartford : Massachusetts, 1651",Kathleen Duey,60,3.48
392,The Helmet,Richard Brown,89,3.47
393,Bully,Jan Needle,57,3.47
394,The Dark Chamber,Leonard Cline,74,3.47
395,"Flaxman Low, Occult Psychologist, Collected Stories",H. Hesketh-Prichard,83,3.47
396,Night Shivers: The Ghost Stories of J.H. Riddell,Charlotte Riddell,94,3.46
397,Nextville: Amazing Places to Live the Rest of Your Life,Barbara  Corcoran,48,3.44
398,The Shell of Sense,Olivia Howard Dunbar,45,3.44
399,Xorandor,Christine Brooke-Rose,72,3.43
400,A Beleaguered City: and Other Tales of the Seen and the Unseen,Mrs. Oliphant,86,3.41
401,Medusa,E.H. Visiak,46,3.41
402,La vera storia dell'ultimo re socialista,Roy  Lewis,85,3.41
403,Word of Honor,Tom Kirkbride,44,3.39
404,The Joss: A Reversion,Richard Marsh,45,3.38
405,Har någon sett mig någon annanstans?,Beate Grimsrud,40,3.38
406,Morwyn,John Cowper Powys,35,3.37
407,Deep Dream of the Rain Forest,Malcolm Bosse,50,3.36
408,Red Moon Rising,Billie Sue Mosiman,82,3.35
409,The Temple of Death: The Ghost Stories of A. C. & R. H. Benson,A.C. Benson,62,3.35
410,Devil Girls,Ed Wood,44,3.34
411,"The Word of God: Or, Holy Writ Rewritten",Thomas M. Disch,87,3.28
412,Kumari: Goddess Of Gotham,Amanda Lees,65,3.28
413,The Orphan of the Rhine,Eleanor Sleath,75,3.28
414,Beyond the Veil,Stevie Woods,55,3.27
415,الصوت روح,Huda Aweys,67,3.25
416,Don't Hassel the Hoff: The Autobiography,David Hasselhoff,91,3.22
417,Street Magic,Michael Reaves,64,3.22
418,Discovering Pig Magic,Julie Crabtree,79,3.22
419,I Slept with Slender Man,Emma       Steele,87,3.22
420,Darwinism Refuted: How the Theory of Evolution Breaks Down in the Light of Modern Science,Harun Yahya,38,3.21
421,La Vampire,Paul Féval père,57,3.21
422,The Career Programmer: Guerilla Tactics for an Imperfect World,Christopher   Duncan,70,3.2
423,Why Men Don't Iron: The Fascinating and Unalterable Differences Between Men and Women,Anne Moir,39,3.18
424,Captives,Todd Hasak-Lowy,39,3.18
425,The Occult Reich,J.H. Brennan,47,3.13
426,White Flower Day,Steven Weissman,42,3.12
427,ذاكرة معدن,محمد ابراهيم نوايا,84,3.12
428,Vida extra,Gina Tost,37,3.11
429,The Door of the Unreal: A Classic Werewolf Novel,Gerald Biss,85,3.11
430,على حين وطن - قصص قصيرة جدا,محمد ابراهيم نوايا,89,3.08
431,The Woman Who Would Be Pharaoh,William  Klein,54,3.0
432,The James Boys: A Novel Account of Four Desperate Brothers,Richard Liebmann-Smith,60,2.97
433,Crimson Rose,R. Malone,39,2.97
434,Moon of the Wolf,Leslie H. Whitten Jr.,40,2.95
435,"You Can Lead an Atheist to Evidence, But You Can't Make Him Think: Answers to Questions from Angry Skeptics",Ray Comfort,92,2.91
436,Helping the Retarded to Know God,H.R. Hahn,41,2.9
437,"Celebutards: The Hollywood Hacks, Limousine Liberals, & Pandering Politicians Who Are Destroying America",Andrea Peyser,97,2.89
438,Ultimate Blogs: Masterworks from the Wild Web,Sarah Boxer,41,2.88
439,Errol Flynn: The Untold Story,Charles Higham,91,2.86
440,ان تمشي على يديك,محمد ابراهيم نوايا,62,2.79
441,Open Line,Ellen Hawley,36,2.61
442,Bikini Planet,David S. Garnett,73,2.52
443,Firefly,Linda Hilton,73,2.41
444,Atlas Loved,W.M Angel,47,2.38
445,Galaxy 666,Pel Torro,35,1.94
446,Touchstone,Linda Hilton,32,1.91
447,Legacy of Honor,Linda Hilton,31,1.74
448,Adapting Eden,Victoria Foyt,82,1.61
449,"Antigua: The Land of Fairies, Wizards and Heroes",Larry   Ellis,90,1.56
450,Secrets to Surrender,Linda Hilton,36,1.47
451,Starlight Seduction,Linda Hilton,45,1.33
452,I Wish My Kids Had Cancer: A Family Surviving the Autism Epidemic,Michael Alan,43,1.26
